配方ID,机器,耗时秒,产物,输入1,输入1数量,输入2,输入2数量,副产物,限时活动
component_activity_copper_poly_cmpt,配件机,10,实验息壤铜零件×1,实验息壤铜锭,5,,,限时活动
component_cuprium_cmpt_1,配件机,2,赤铜零件×1,赤铜块,1,,,
component_event_heavy_xiranite_cmpt_1,配件机,20,实验重息壤零件×2,重息壤,1,,,限时活动
component_event_xiranite_cmpt_1,配件机,2,实验息壤零件×1,息壤,1,,,限时活动
component_glass_cmpt_1,配件机,2,紫晶零件×1,紫晶纤维,1,,,
component_glass_enr_cmpt_1,配件机,2,高晶零件×1,高晶纤维,1,,,
component_hetonite_cmpt_1,配件机,10,赫铜零件×1,赫铜块,5,,,
component_iron_cmpt_1,配件机,2,铁制零件×1,蓝铁块,1,,,
component_iron_enr_cmpt_1,配件机,2,钢制零件×1,钢块,1,,,
component_pyrrolite_cmpt_1,配件机,10,灼铜零件×1,灼铜块,5,,,
dismantler_bottled_ferrium_heavy_xiranite,拆解机,2,蓝铁瓶×1 + 液化重息壤×1,蓝铁瓶（液化重息壤）,1,,,
dismantler_cuprium_grass_1_1,拆解机,2,赤铜瓶×1 + 锦草溶液×1,赤铜瓶（锦草溶液）,1,,,
dismantler_cuprium_grass_2_1,拆解机,2,赤铜瓶×1 + 芽针溶液×1,赤铜瓶（芽针溶液）,1,,,
dismantler_cuprium_inert_xircon_effluent_1,拆解机,2,赤铜瓶×1 + 惰性壤晶废液×1,赤铜瓶（惰性壤晶废液）,1,,,
dismantler_cuprium_sewage_1,拆解机,2,赤铜瓶×1 + 污水×1,赤铜瓶（污水）,1,,,
dismantler_cuprium_water_1,拆解机,2,赤铜瓶×1 + 清水×1,赤铜瓶（清水）,1,,,
dismantler_cuprium_xiranite_1,拆解机,2,赤铜瓶×1 + 液化息壤×1,赤铜瓶（液化息壤）,1,,,
dismantler_cuprium_xircon_effluent_1,拆解机,2,赤铜瓶×1 + 壤晶废液×1,赤铜瓶（壤晶废液）,1,,,
dismantler_gasjar_cuprium_acridgen,拆解机,2,赤铜耐压罐×1 + 酸气×1,赤铜耐压罐（酸气）,1,,,
dismantler_gasjar_cuprium_aquagen,拆解机,2,赤铜耐压罐×1 + 水蒸气×1,赤铜耐压罐（水蒸气）,1,,,
dismantler_gasjar_cuprium_cuprium_gas,拆解机,2,赤铜耐压罐×1 + 气态赤铜×1,赤铜耐压罐（气态赤铜）,1,,,
dismantler_gasjar_cuprium_heavy_xiragen,拆解机,2,赤铜耐压罐×1 + 重息壤气×1,赤铜耐压罐（重息壤气）,1,,,
dismantler_gasjar_cuprium_hetonite_gas,拆解机,2,赤铜耐压罐×1 + 气态赫铜×1,赤铜耐压罐（气态赫铜）,1,,,
dismantler_gasjar_cuprium_inergen,拆解机,2,赤铜耐压罐×1 + 惰气×1,赤铜耐压罐（惰气）,1,,,
dismantler_gasjar_cuprium_pyrrolite_gas,拆解机,2,赤铜耐压罐×1 + 气态灼铜×1,赤铜耐压罐（气态灼铜）,1,,,
dismantler_gasjar_cuprium_xiragen,拆解机,2,赤铜耐压罐×1 + 息壤气×1,赤铜耐压罐（息壤气）,1,,,
dismantler_glass_grass_1_1,拆解机,2,紫晶质瓶×1 + 锦草溶液×1,紫晶质瓶（锦草溶液）,1,,,
dismantler_glass_grass_2_1,拆解机,2,紫晶质瓶×1 + 芽针溶液×1,紫晶质瓶（芽针溶液）,1,,,
dismantler_glass_inert_xircon_effluent_1,拆解机,2,紫晶质瓶×1 + 惰性壤晶废液×1,紫晶质瓶（惰性壤晶废液）,1,,,
dismantler_glass_sewage_1,拆解机,2,紫晶质瓶×1 + 污水×1,紫晶质瓶（污水）,1,,,
dismantler_glass_water_1,拆解机,2,紫晶质瓶×1 + 清水×1,紫晶质瓶（清水）,1,,,
dismantler_glass_xiranite_1,拆解机,2,紫晶质瓶×1 + 液化息壤×1,紫晶质瓶（液化息壤）,1,,,
dismantler_glass_xircon_effluent_1,拆解机,2,紫晶质瓶×1 + 壤晶废液×1,紫晶质瓶（壤晶废液）,1,,,
dismantler_glassenr_grass_1_1,拆解机,2,高晶质瓶×1 + 锦草溶液×1,高晶质瓶（锦草溶液）,1,,,
dismantler_glassenr_grass_2_1,拆解机,2,高晶质瓶×1 + 芽针溶液×1,高晶质瓶（芽针溶液）,1,,,
dismantler_glassenr_inert_xircon_effluent_1,拆解机,2,高晶质瓶×1 + 惰性壤晶废液×1,高晶质瓶（惰性壤晶废液）,1,,,
dismantler_glassenr_sewage_1,拆解机,2,高晶质瓶×1 + 污水×1,高晶质瓶（污水）,1,,,
dismantler_glassenr_water_1,拆解机,2,高晶质瓶×1 + 清水×1,高晶质瓶（清水）,1,,,
dismantler_glassenr_xiranite_1,拆解机,2,高晶质瓶×1 + 液化息壤×1,高晶质瓶（液化息壤）,1,,,
dismantler_glassenr_xircon_effluent_1,拆解机,2,高晶质瓶×1 + 壤晶废液×1,高晶质瓶（壤晶废液）,1,,,
dismantler_hetonite_grass_1,拆解机,2,赫铜瓶×1 + 锦草溶液×1,赫铜瓶（锦草溶液）,1,,,
dismantler_hetonite_grass_2,拆解机,2,赫铜瓶×1 + 芽针溶液×1,赫铜瓶（芽针溶液）,1,,,
dismantler_hetonite_heavy_xiranite,拆解机,2,赫铜瓶×1 + 液化重息壤×1,赫铜瓶（液化重息壤）,1,,,
dismantler_hetonite_inert_xircon_effluent,拆解机,2,赫铜瓶×1 + 惰性壤晶废液×1,赫铜瓶（惰性壤晶废液）,1,,,
dismantler_hetonite_precip_acid,拆解机,2,赫铜瓶×1 + 沉积酸×1,赫铜瓶（沉积酸）,1,,,
dismantler_hetonite_sewage,拆解机,2,赫铜瓶×1 + 污水×1,赫铜瓶（污水）,1,,,
dismantler_hetonite_water,拆解机,2,赫铜瓶×1 + 清水×1,赫铜瓶（清水）,1,,,
dismantler_hetonite_xiranite,拆解机,2,赫铜瓶×1 + 液化息壤×1,赫铜瓶（液化息壤）,1,,,
dismantler_hetonite_xircon_effluent,拆解机,2,赫铜瓶×1 + 壤晶废液×1,赫铜瓶（壤晶废液）,1,,,
dismantler_iron_grass_1_1,拆解机,2,蓝铁瓶×1 + 锦草溶液×1,蓝铁瓶（锦草溶液）,1,,,
dismantler_iron_grass_2_1,拆解机,2,蓝铁瓶×1 + 芽针溶液×1,蓝铁瓶（芽针溶液）,1,,,
dismantler_iron_inert_xircon_effluent_1,拆解机,2,蓝铁瓶×1 + 惰性壤晶废液×1,蓝铁瓶（惰性壤晶废液）,1,,,
dismantler_iron_sewage_1,拆解机,2,蓝铁瓶×1 + 污水×1,蓝铁瓶（污水）,1,,,
dismantler_iron_water_1,拆解机,2,蓝铁瓶×1 + 清水×1,蓝铁瓶（清水）,1,,,
dismantler_iron_xiranite_1,拆解机,2,蓝铁瓶×1 + 液化息壤×1,蓝铁瓶（液化息壤）,1,,,
dismantler_iron_xircon_effluent_1,拆解机,2,蓝铁瓶×1 + 壤晶废液×1,蓝铁瓶（壤晶废液）,1,,,
dismantler_ironenr_grass_1_1,拆解机,2,钢质瓶×1 + 锦草溶液×1,钢质瓶（锦草溶液）,1,,,
dismantler_ironenr_grass_2_1,拆解机,2,钢质瓶×1 + 芽针溶液×1,钢质瓶（芽针溶液）,1,,,
dismantler_ironenr_inert_xircon_effluent_1,拆解机,2,钢质瓶×1 + 惰性壤晶废液×1,钢质瓶（惰性壤晶废液）,1,,,
dismantler_ironenr_sewage_1,拆解机,2,钢质瓶×1 + 污水×1,钢质瓶（污水）,1,,,
dismantler_ironenr_water_1,拆解机,2,钢质瓶×1 + 清水×1,钢质瓶（清水）,1,,,
dismantler_ironenr_xiranite_1,拆解机,2,钢质瓶×1 + 液化息壤×1,钢质瓶（液化息壤）,1,,,
dismantler_ironenr_xircon_effluent_1,拆解机,2,钢质瓶×1 + 壤晶废液×1,钢质瓶（壤晶废液）,1,,,
filling_bottled_cuprium_grass_1,灌装机,2,赤铜瓶（锦草溶液）×1,赤铜瓶,1,锦草溶液,1,
filling_bottled_cuprium_grass_2,灌装机,2,赤铜瓶（芽针溶液）×1,赤铜瓶,1,芽针溶液,1,
filling_bottled_cuprium_inert_xircon_effluent,灌装机,2,赤铜瓶（惰性壤晶废液）×1,赤铜瓶,1,惰性壤晶废液,1,
filling_bottled_cuprium_precip_acid,灌装机,2,赤铜瓶（沉积酸）×1,赤铜瓶,1,沉积酸,1,
filling_bottled_cuprium_sewage,灌装机,2,赤铜瓶（污水）×1,赤铜瓶,1,污水,1,
filling_bottled_cuprium_water,灌装机,2,赤铜瓶（清水）×1,赤铜瓶,1,清水,1,
filling_bottled_cuprium_xiranite,灌装机,2,赤铜瓶（液化息壤）×1,赤铜瓶,1,液化息壤,1,
filling_bottled_cuprium_xircon_effluent,灌装机,2,赤铜瓶（壤晶废液）×1,赤铜瓶,1,壤晶废液,1,
filling_bottled_ferrium_heavy_xiranite,灌装机,2,蓝铁瓶（液化重息壤）×1,蓝铁瓶,1,液化重息壤,1,
filling_bottled_food_1_1,灌装机,10,柑实罐头×1,紫晶质瓶,5,柑实粉末,5,
filling_bottled_food_2_1,灌装机,10,优质柑实罐头×1,蓝铁瓶,10,柑实粉末,10,
filling_bottled_food_3_1,灌装机,10,精选柑实罐头×1,钢质瓶,10,细磨柑实粉末,10,
filling_bottled_glass_grass_1,灌装机,2,紫晶质瓶（锦草溶液）×1,紫晶质瓶,1,锦草溶液,1,
filling_bottled_glass_grass_2,灌装机,2,紫晶质瓶（芽针溶液）×1,紫晶质瓶,1,芽针溶液,1,
filling_bottled_glass_inert_xircon_effluent,灌装机,2,紫晶质瓶（惰性壤晶废液）×1,紫晶质瓶,1,惰性壤晶废液,1,
filling_bottled_glass_sewage,灌装机,2,紫晶质瓶（污水）×1,紫晶质瓶,1,污水,1,
filling_bottled_glass_water,灌装机,2,紫晶质瓶（清水）×1,紫晶质瓶,1,清水,1,
filling_bottled_glass_xiranite,灌装机,2,紫晶质瓶（液化息壤）×1,紫晶质瓶,1,液化息壤,1,
filling_bottled_glass_xircon_effluent,灌装机,2,紫晶质瓶（壤晶废液）×1,紫晶质瓶,1,壤晶废液,1,
filling_bottled_glassenr_grass_1,灌装机,2,高晶质瓶（锦草溶液）×1,高晶质瓶,1,锦草溶液,1,
filling_bottled_glassenr_grass_2,灌装机,2,高晶质瓶（芽针溶液）×1,高晶质瓶,1,芽针溶液,1,
filling_bottled_glassenr_inert_xircon_effluent,灌装机,2,高晶质瓶（惰性壤晶废液）×1,高晶质瓶,1,惰性壤晶废液,1,
filling_bottled_glassenr_sewage,灌装机,2,高晶质瓶（污水）×1,高晶质瓶,1,污水,1,
filling_bottled_glassenr_water,灌装机,2,高晶质瓶（清水）×1,高晶质瓶,1,清水,1,
filling_bottled_glassenr_xiranite,灌装机,2,高晶质瓶（液化息壤）×1,高晶质瓶,1,液化息壤,1,
filling_bottled_glassenr_xircon_effluent,灌装机,2,高晶质瓶（壤晶废液）×1,高晶质瓶,1,壤晶废液,1,
filling_bottled_hetonite_grass_1,灌装机,2,赫铜瓶（锦草溶液）×1,赫铜瓶,1,锦草溶液,1,
filling_bottled_hetonite_grass_2,灌装机,2,赫铜瓶（芽针溶液）×1,赫铜瓶,1,芽针溶液,1,
filling_bottled_hetonite_heavy_xiranite,灌装机,2,赫铜瓶（液化重息壤）×1,赫铜瓶,1,液化重息壤,1,
filling_bottled_hetonite_inert_xircon_effluent,灌装机,2,赫铜瓶（惰性壤晶废液）×1,赫铜瓶,1,惰性壤晶废液,1,
filling_bottled_hetonite_precip_acid,灌装机,2,赫铜瓶（沉积酸）×1,赫铜瓶,1,沉积酸,1,
filling_bottled_hetonite_sewage,灌装机,2,赫铜瓶（污水）×1,赫铜瓶,1,污水,1,
filling_bottled_hetonite_water,灌装机,2,赫铜瓶（清水）×1,赫铜瓶,1,清水,1,
filling_bottled_hetonite_xiranite,灌装机,2,赫铜瓶（液化息壤）×1,赫铜瓶,1,液化息壤,1,
filling_bottled_hetonite_xircon_effluent,灌装机,2,赫铜瓶（壤晶废液）×1,赫铜瓶,1,壤晶废液,1,
filling_bottled_iron_grass_1,灌装机,2,蓝铁瓶（锦草溶液）×1,蓝铁瓶,1,锦草溶液,1,
filling_bottled_iron_grass_2,灌装机,2,蓝铁瓶（芽针溶液）×1,蓝铁瓶,1,芽针溶液,1,
filling_bottled_iron_inert_xircon_effluent,灌装机,2,蓝铁瓶（惰性壤晶废液）×1,蓝铁瓶,1,惰性壤晶废液,1,
filling_bottled_iron_sewage,灌装机,2,蓝铁瓶（污水）×1,蓝铁瓶,1,污水,1,
filling_bottled_iron_water,灌装机,2,蓝铁瓶（清水）×1,蓝铁瓶,1,清水,1,
filling_bottled_iron_xiranite,灌装机,2,蓝铁瓶（液化息壤）×1,蓝铁瓶,1,液化息壤,1,
filling_bottled_iron_xircon_effluent,灌装机,2,蓝铁瓶（壤晶废液）×1,蓝铁瓶,1,壤晶废液,1,
filling_bottled_ironenr_grass_1,灌装机,2,钢质瓶（锦草溶液）×1,钢质瓶,1,锦草溶液,1,
filling_bottled_ironenr_grass_2,灌装机,2,钢质瓶（芽针溶液）×1,钢质瓶,1,芽针溶液,1,
filling_bottled_ironenr_inert_xircon_effluent,灌装机,2,钢质瓶（惰性壤晶废液）×1,钢质瓶,1,惰性壤晶废液,1,
filling_bottled_ironenr_sewage,灌装机,2,钢质瓶（污水）×1,钢质瓶,1,污水,1,
filling_bottled_ironenr_water,灌装机,2,钢质瓶（清水）×1,钢质瓶,1,清水,1,
filling_bottled_ironenr_xiranite,灌装机,2,钢质瓶（液化息壤）×1,钢质瓶,1,液化息壤,1,
filling_bottled_ironenr_xircon_effluent,灌装机,2,钢质瓶（壤晶废液）×1,钢质瓶,1,壤晶废液,1,
filling_bottled_rec_hp_1_1,灌装机,10,荞愈胶囊×1,紫晶质瓶,5,荞花粉末,5,
filling_bottled_rec_hp_2_1,灌装机,10,优质荞愈胶囊×1,蓝铁瓶,10,荞花粉末,10,
filling_bottled_rec_hp_3_1,灌装机,10,精选荞愈胶囊×1,钢质瓶,10,细磨荞花粉末,10,
filling_event_heavy_xiranite_bottle_1,灌装机,10,实验重息壤瓶（芽针溶液）×1,实验重息壤瓶,1,芽针溶液,5,限时活动
filling_gasjar_cuprium_acridgen,灌装机,2,赤铜耐压罐（酸气）×1,赤铜耐压罐,1,酸气,1,
filling_gasjar_cuprium_aquagen,灌装机,2,赤铜耐压罐（水蒸气）×1,赤铜耐压罐,1,水蒸气,1,
filling_gasjar_cuprium_cuprium_gas,灌装机,2,赤铜耐压罐（气态赤铜）×1,赤铜耐压罐,1,气态赤铜,1,
filling_gasjar_cuprium_heavy_xiragen,灌装机,2,赤铜耐压罐（重息壤气）×1,赤铜耐压罐,1,重息壤气,1,
filling_gasjar_cuprium_hetonite_gas,灌装机,2,赤铜耐压罐（气态赫铜）×1,赤铜耐压罐,1,气态赫铜,1,
filling_gasjar_cuprium_inergen,灌装机,2,赤铜耐压罐（惰气）×1,赤铜耐压罐,1,惰气,1,
filling_gasjar_cuprium_pyrrolite_gas,灌装机,2,赤铜耐压罐（气态灼铜）×1,赤铜耐压罐,1,气态灼铜,1,
filling_gasjar_cuprium_xiragen,灌装机,2,赤铜耐压罐（息壤气）×1,赤铜耐压罐,1,息壤气,1,
furnance_activity_xiranite_enr_nugget_1,精炼炉,10,实验重息壤块×1,重息壤,1,,,限时活动
furnance_activity_xiranite_nugget_1,精炼炉,2,实验息壤块×1,息壤,1,,,限时活动
furnance_carbon_enr_1,精炼炉,2,稳定碳块×1,致密碳粉末,1,,,
furnance_carbon_enr_powder_1,精炼炉,2,致密碳粉末×1,细磨荞花粉末,1,,,
furnance_carbon_enr_powder_2,精炼炉,2,致密碳粉末×1,细磨柑实粉末,1,,,
furnance_carbon_material_1,精炼炉,2,碳块×1,荞花,1,,,
furnance_carbon_material_2,精炼炉,2,碳块×1,柑实,1,,,
furnance_carbon_material_3,精炼炉,2,碳块×1,砂叶,1,,,
furnance_carbon_material_4,精炼炉,2,碳块×1,原木,1,,,
furnance_carbon_material_5,精炼炉,2,碳块×2,锦草,1,,,
furnance_carbon_material_6,精炼炉,2,碳块×2,芽针,1,,,
furnance_carbon_powder_1,精炼炉,2,碳粉末×1,荞花粉末,1,,,
furnance_carbon_powder_2,精炼炉,2,碳粉末×1,柑实粉末,1,,,
furnance_carbon_powder_3,精炼炉,2,碳粉末×2,砂叶粉末,3,,,
furnance_carbon_powder_4,精炼炉,2,碳粉末×2,锦草粉末,1,,,
furnance_carbon_powder_5,精炼炉,2,碳粉末×2,芽针粉末,1,,,
furnance_crystal_enr_1,精炼炉,2,密制晶体×1,致密晶体粉末,1,,,
furnance_crystal_enr_powder_1,精炼炉,2,致密晶体粉末×1,致密源石粉末,1,,,
furnance_crystal_powder_1,精炼炉,2,晶体外壳粉末×1,源石粉末,1,,,
furnance_crystal_shell_1,精炼炉,2,晶体外壳×1,源矿,1,,,
furnance_crystal_shell_2,精炼炉,2,晶体外壳×1,晶体外壳粉末,1,,,
furnance_cuprium_1,精炼炉,2,赤铜块×1 + 污水×1,赤铜矿石,1,清水,1,
furnance_iron_enr_1,精炼炉,2,钢块×1,致密蓝铁粉末,1,,,
furnance_iron_nugget_1,精炼炉,2,蓝铁块×1,蓝铁矿,1,,,
furnance_iron_nugget_2,精炼炉,2,蓝铁块×1,蓝铁粉末,1,,,
furnance_quartz_enr_1,精炼炉,2,高晶纤维×1,高晶粉末,1,,,
furnance_quartz_glass_1,精炼炉,2,紫晶纤维×1,紫晶矿,1,,,
furnance_quartz_glass_2,精炼炉,2,紫晶纤维×1,紫晶粉末,1,,,
gas_reactor_activity_copper_poly_gas_1,气体反应炉,2,实验息壤铜气×1,气态赤铜,2,息壤气,1,限时活动
gas_reactor_pyrrolite_gas_1,气体反应炉,2,气态灼铜×1,气态赫铜,2,息壤气,1,
grinder_carbon_powder_1,粉碎机,2,碳粉末×2,碳块,1,,,
grinder_crystal_powder_1,粉碎机,2,晶体外壳粉末×1,晶体外壳,1,,,
grinder_cuprium_powder_1,粉碎机,2,赤铜粉末×1,赤铜块,1,,,
grinder_iron_powder_1,粉碎机,2,蓝铁粉末×1,蓝铁块,1,,,
grinder_originium_powder_1,粉碎机,2,源石粉末×1,源矿,1,,,
grinder_plant_bbflower_powder_1_1,粉碎机,2,酮化灌木粉末×2,酮化灌木,1,,,
grinder_plant_grass_powder_1_1,粉碎机,2,锦草粉末×2,锦草,1,,,
grinder_plant_grass_powder_2_1,粉碎机,2,芽针粉末×2,芽针,1,,,
grinder_plant_moss_powder_1_1,粉碎机,2,荞花粉末×2,荞花,1,,,
grinder_plant_moss_powder_2_1,粉碎机,2,柑实粉末×2,柑实,1,,,
grinder_plant_moss_powder_3_1,粉碎机,2,砂叶粉末×3,砂叶,1,,,
grinder_quartz_powder_1,粉碎机,2,紫晶粉末×1,紫晶纤维,1,,,
pool_cuprium_solution_1,反应池,2,赤铜溶液×1,赤铜粉末,1,沉积酸,1,
pool_hetonite_1,反应池,2,赫铜块×1 + 污水×1,赫铜溶液,2,蓝铁粉末,1,
pool_liquid_heavy_xiranite_1,反应池,2,液化重息壤×1,重息壤,1,沉积酸,1,
pool_liquid_liquid_xiranite_1,反应池,2,液化息壤×1,息壤,1,清水,1,
pool_liquid_plant_grass_1_1,反应池,2,锦草溶液×1,锦草粉末,1,清水,1,
pool_liquid_plant_grass_2_1,反应池,2,芽针溶液×1,芽针粉末,1,清水,1,
pool_xircon_1,反应池,2,壤晶×1 + 污水×1,壤晶废液,2,蓝铁粉末,1,
pool_xircon_effluent_1,反应池,2,壤晶废液×1 + 惰性壤晶废液×1,液化息壤,1,污水,1,
expanded_pool_cuprium_solution_1,扩容反应池,2,赤铜溶液×1,赤铜粉末,1,沉积酸,1,
expanded_pool_hetonite_1,扩容反应池,2,赫铜块×1 + 污水×1,赫铜溶液,2,蓝铁粉末,1,
expanded_pool_liquid_heavy_xiranite_1,扩容反应池,2,液化重息壤×1,重息壤,1,沉积酸,1,
expanded_pool_liquid_liquid_xiranite_1,扩容反应池,2,液化息壤×1,息壤,1,清水,1,
expanded_pool_liquid_plant_grass_1_1,扩容反应池,2,锦草溶液×1,锦草粉末,1,清水,1,
expanded_pool_liquid_plant_grass_2_1,扩容反应池,2,芽针溶液×1,芽针粉末,1,清水,1,
expanded_pool_xircon_1,扩容反应池,2,壤晶×1 + 污水×1,壤晶废液,2,蓝铁粉末,1,
expanded_pool_xircon_effluent_1,扩容反应池,2,壤晶废液×1 + 惰性壤晶废液×1,液化息壤,1,污水,1,
fluid_transmuter_acridgen_1,液气转化机,2,酸气×1,沉积酸,1,,,
fluid_transmuter_aquagen_1,液气转化机,2,水蒸气×1,清水,1,,,
fluid_transmuter_cuprium_gas_1,液气转化机,2,气态赤铜×1,赤铜溶液,2,,,
fluid_transmuter_cuprium_solution_1,液气转化机,2,赤铜溶液×2,气态赤铜,1,,,
fluid_transmuter_heavy_xiragen_1,液气转化机,10,重息壤气×5,液化重息壤,2,,,
fluid_transmuter_hetonite_gas_1,液气转化机,2,气态赫铜×1,赫铜溶液,1,,,
fluid_transmuter_hetonite_solution_1,液气转化机,2,赫铜溶液×1,气态赫铜,1,,,
fluid_transmuter_liquid_heavy_xiranite_1,液气转化机,10,液化重息壤×2,重息壤气,5,,,
fluid_transmuter_liquid_water_1,液气转化机,2,清水×1,水蒸气,1,,,
fluid_transmuter_liquid_xiranite_1,液气转化机,2,液化息壤×1,息壤气,1,,,
fluid_transmuter_precipitation_acid_1,液气转化机,2,沉积酸×1,酸气,1,,,
fluid_transmuter_xiragen_1,液气转化机,2,息壤气×1,液化息壤,1,,,
liquid_transmuter_2_activity_copper_poly_1,固气转化机,2,实验息壤铜锭×1,实验息壤铜气,1,,,限时活动
liquid_transmuter_2_activity_copper_poly_gas_1,固气转化机,2,实验息壤铜气×1,实验息壤铜锭,1,,,限时活动
solid_transmuter_cuprium_1,固气转化机,2,赤铜块×2,气态赤铜,1,,,
solid_transmuter_cuprium_gas_1,固气转化机,2,气态赤铜×1,赤铜块,2,,,
solid_transmuter_heavy_xiragen_1,固气转化机,10,重息壤气×5,重息壤,2,,,
solid_transmuter_heavy_xiranite_1,固气转化机,10,重息壤×2,重息壤气,5,,,
solid_transmuter_hetonite_1,固气转化机,2,赫铜块×1,气态赫铜,2,,,
solid_transmuter_hetonite_gas_1,固气转化机,2,气态赫铜×2,赫铜块,1,,,
solid_transmuter_pyrrolite_1,固气转化机,2,灼铜块×1,气态灼铜,1,,,
solid_transmuter_pyrrolite_gas_1,固气转化机,2,气态灼铜×1,灼铜块,1,,,
solid_transmuter_xiragen_1,固气转化机,2,息壤气×1,息壤,1,,,
solid_transmuter_xiranite_powder_1,固气转化机,2,息壤×1,息壤气,1,,,
planter_plant_bbflower_1,种植机,2,酮化灌木×1,酮化树种,1,,,
planter_plant_grass_1_1,种植机,2,锦草×2,锦草种子,1,清水,1,
planter_plant_grass_2_1,种植机,2,芽针×2,芽针种子,1,清水,1,
planter_plant_moss_1_1,种植机,2,荞花×1,荞花种子,1,,,
planter_plant_moss_2_1,种植机,2,柑实×1,柑实种子,1,,,
planter_plant_moss_3_1,种植机,2,砂叶×1,砂叶种子,1,,,
purification_heavy_xiragen_1,提纯机,2,重息壤气×1,息壤气,2,分离芯,2,
purification_heavy_xiragen_stable_1,提纯机,2,重息壤气×1,息壤气,2,分离芯,1,
purification_hetonite_gas_1,提纯机,2,气态赫铜×2,气态赤铜,2,分离芯,2,
purification_hetonite_gas_stable_1,提纯机,2,气态赫铜×2,气态赤铜,2,分离芯,1,
purification_hetonite_solution_1,提纯机,2,赫铜溶液×1 + 沉积酸×1,赤铜溶液,4,,,
purification_xircon_effluent_1,提纯机,2,壤晶废液×1 + 清水×1,惰性壤晶废液,4,,,
seedcollector_plant_bbflower_1,采种机,2,酮化树种×2,酮化灌木,1,,,
seedcollector_plant_grass_1_1,采种机,2,锦草种子×1,锦草,1,,,
seedcollector_plant_grass_2_1,采种机,2,芽针种子×1,芽针,1,,,
seedcollector_plant_moss_1_1,采种机,2,荞花种子×2,荞花,1,,,
seedcollector_plant_moss_2_1,采种机,2,柑实种子×2,柑实,1,,,
seedcollector_plant_moss_3_1,采种机,2,砂叶种子×2,砂叶,1,,,
seedcollector_plant_sp_1,采种机,2,灰芦麦种子×2,灰芦麦,1,,,
seedcollector_plant_sp_2,采种机,2,苦叶椒种子×2,苦叶椒,1,,,
seedcollector_plant_sp_3,采种机,2,琼叶参种子×2,琼叶参,1,,,
seedcollector_plant_sp_4,采种机,2,金石稻种子×2,金石稻,1,,,
shaper_activity_xiranite_box_1,塑形机,2,实验龙泡泡外壳×1,实验息壤块,1,,,限时活动
shaper_cuprium_bottle_1,塑形机,2,赤铜瓶×1,赤铜块,2,,,
shaper_cuprium_canister_1,塑形机,2,赤铜耐压罐×1,赤铜块,2,惰气,1,
shaper_event_heavy_xiranite_bottle_1,塑形机,20,实验重息壤瓶×2,重息壤,1,,,限时活动
shaper_event_xiranite_bottle_1,塑形机,2,实验息壤瓶×1,息壤,2,,,限时活动
shaper_gas_activity_xiranite_enr_box_1,塑形机,10,实验龙泡泡重壳×1,实验重息壤块,1,惰气,5,限时活动
shaper_glass_bottle_1,塑形机,2,紫晶质瓶×1,紫晶纤维,2,,,
shaper_glass_enr_bottle_1,塑形机,2,高晶质瓶×1,高晶纤维,2,,,
shaper_hetonite_bottle_1,塑形机,2,赫铜瓶×1,赫铜块,2,,,
shaper_iron_bottle_1,塑形机,2,蓝铁瓶×1,蓝铁块,2,,,
shaper_iron_enr_bottle_1,塑形机,2,钢质瓶×1,钢块,2,,,
thickener_carbon_enr_powder_1,研磨机,2,致密碳粉末×1,碳粉末,2,砂叶粉末,1,
thickener_crystal_enr_powder_1,研磨机,2,致密晶体粉末×1,晶体外壳粉末,2,砂叶粉末,1,
thickener_iron_enr_powder_1,研磨机,2,致密蓝铁粉末×1,蓝铁粉末,2,砂叶粉末,1,
thickener_originium_enr_powder_1,研磨机,2,致密源石粉末×1,源石粉末,2,砂叶粉末,1,
thickener_plant_moss_enr_powder_1_1,研磨机,2,细磨荞花粉末×1,荞花粉末,2,砂叶粉末,1,
thickener_plant_moss_enr_powder_2_1,研磨机,2,细磨柑实粉末×1,柑实粉末,2,砂叶粉末,1,
thickener_quartz_enr_powder_1,研磨机,2,高晶粉末×1,紫晶粉末,2,砂叶粉末,1,
tools_event_xiran_hue_atomizer_1,封装机,10,实验玉铜发散器×1,实验重息壤零件,1,赫铜块,1,限时活动
tools_event_xiranite_gourd_1,封装机,10,息壤葫芦×1,实验息壤瓶,5,实验息壤零件,5,限时活动
tools_event_xiranite_jade_gourd_1,封装机,10,息壤玉葫芦×1,实验重息壤瓶（芽针溶液）,1,实验玉铜发散器,1,限时活动
tools_proc_activity_copper_poly_tool_1,封装机,10,实验息壤铜骨骼×1,实验息壤铜零件,1,重息壤,1,限时活动
tools_proc_activity_xiranite_copper_tool_1,封装机,2,实验铜骨骼×1,赤铜零件,4,息壤,1,限时活动
tools_proc_activity_xiranite_enr_lung,封装机,10,重息壤龙泡泡×1,实验龙泡泡重壳,1,实验息壤铜骨骼,1,限时活动
tools_proc_activity_xiranite_lung,封装机,10,息壤龙泡泡×1,实验龙泡泡外壳,5,实验铜骨骼,5,限时活动
tools_proc_battery_1_1,封装机,10,低容谷地电池×1,紫晶零件,5,源石粉末,10,
tools_proc_battery_2_1,封装机,10,中容谷地电池×1,铁制零件,10,源石粉末,15,
tools_proc_battery_3_1,封装机,10,高容谷地电池×1,钢制零件,10,致密源石粉末,15,
tools_proc_battery_4_1,封装机,10,低容武陵电池×1,息壤,5,致密源石粉末,15,
tools_proc_battery_5_1,封装机,10,中容武陵电池×1,壤晶,5,致密源石粉末,20,
tools_proc_bomb_1_1,封装机,10,工业爆炸物×1,紫晶零件,5,酮化灌木粉末,1,
tools_proc_food_4_1,封装机,10,锦草软饮×1,铁制零件,10,蓝铁瓶（锦草溶液）,5,
tools_proc_food_5_1,封装机,10,优质锦草软饮×1,赤铜零件,10,赤铜瓶（锦草溶液）,5,
tools_proc_rec_hp_4_1,封装机,10,芽针针剂×1,铁制零件,10,蓝铁瓶（芽针溶液）,5,
tools_proc_rec_hp_5_1,封装机,10,优质芽针针剂×1,赤铜零件,10,赤铜瓶（芽针溶液）,5,
tools_separator_core_1,封装机,2,分离芯×2,赤铜耐压罐,1,息壤,1,
vaporizer_acidic_env_1,气体散布机,10,（无物品产出）,酸气,1,,,
vaporizer_humid_env_1,气体散布机,10,（无物品产出）,水蒸气,1,,,
vaporizer_stable_env_1,气体散布机,10,（无物品产出）,惰气,1,,,
vaporizer_xiranite_env_1,气体散布机,10,（无物品产出）,息壤气,1,,,
water_treatment_inert_xircon_effluent_1,废水处理机,2,（无物品产出）,惰性壤晶废液,1,,,
water_treatment_sewage_1,废水处理机,2,（无物品产出）,污水,1,,,
water_treatment_xircon_effluent_1,废水处理机,2,（无物品产出）,壤晶废液,1,,,
winder_cuprium_enr_cmpt_1,装备原件机,10,赤铜装备原件×1,赤铜零件,10,息壤,10,
winder_equip_script_1,装备原件机,10,紫晶装备原件×1,晶体外壳,5,紫晶纤维,5,
winder_equip_script_2,装备原件机,10,蓝铁装备原件×1,晶体外壳,10,蓝铁块,10,
winder_equip_script_3,装备原件机,10,高晶装备原件×1,密制晶体,10,高晶纤维,10,
winder_equip_script_4,装备原件机,10,息壤装备原件×1,密制晶体,10,息壤,10,
winder_hetonite_enr_cmpt_1,装备原件机,10,赫铜装备原件×1,赫铜零件,2,重息壤,2,
winder_pyrrolite_enr_cmpt_1,装备原件机,10,灼铜装备原件×1,灼铜零件,1,重息壤,2,
xiranite_oven_heavy_xiranite_1,天有洪炉,10,重息壤×1,息壤,10,壤晶废液,5,
xiranite_oven_muck_xiranite_1,天有洪炉,2,膨地啪×1,驮兽粪便,1,液化息壤,1,
xiranite_oven_xiranite_powder_1,天有洪炉,2,息壤×1,稳定碳块,2,清水,1,
xiranite_oven_xiranite_powder_stable_1,天有洪炉,2,息壤×1,碳块,1,清水,1,
thermal_bank_originium_ore_1,热能池,8,（无物品产出，仅发电 50W）,源矿,1,,,
thermal_bank_proc_battery_1_1,热能池,40,（无物品产出，仅发电 220W）,低容谷地电池,1,,,
thermal_bank_proc_battery_2_1,热能池,40,（无物品产出，仅发电 420W）,中容谷地电池,1,,,
thermal_bank_proc_battery_3_1,热能池,40,（无物品产出，仅发电 1100W）,高容谷地电池,1,,,
thermal_bank_proc_battery_4_1,热能池,40,（无物品产出，仅发电 1600W）,低容武陵电池,1,,,
thermal_bank_proc_battery_5_1,热能池,40,（无物品产出，仅发电 3200W）,中容武陵电池,1,,,